regime,model,controls_included,feature,is_control,importance_mean,importance_std,cross_validated_r2,out_of_fold_spearman,trustworthy,molecules
in_domain,Linear,True,MolWt,False,0.035011,0.025020,0.521256,0.583961,True,470
in_domain,Linear,True,MolLogP,False,0.306462,0.101787,0.521256,0.583961,True,470
in_domain,Linear,True,TPSA,False,0.063625,0.048859,0.521256,0.583961,True,470
in_domain,Linear,True,NumRotatableBonds,False,-0.002998,0.029340,0.521256,0.583961,True,470
in_domain,Linear,True,AromaticAtomFraction,False,0.022667,0.005392,0.521256,0.583961,True,470
in_domain,Linear,True,HeavyAtomCount,False,0.035788,0.013237,0.521256,0.583961,True,470
in_domain,Linear,True,NumRings,False,0.000166,0.002457,0.521256,0.583961,True,470
in_domain,Linear,True,NumAromaticRings,False,0.007316,0.005254,0.521256,0.583961,True,470
in_domain,Linear,True,NumAliphaticRings,False,-0.000154,0.001245,0.521256,0.583961,True,470
in_domain,Linear,True,NumHeteroatoms,False,0.295339,0.086315,0.521256,0.583961,True,470
in_domain,Linear,True,FractionCSP3,False,0.039453,0.018968,0.521256,0.583961,True,470
in_domain,Linear,True,NumHDonors,False,0.007358,0.009380,0.521256,0.583961,True,470
in_domain,Linear,True,NumHAcceptors,False,0.001007,0.000823,0.521256,0.583961,True,470
in_domain,Linear,True,baseline_absolute_error,True,0.782502,0.167361,0.521256,0.583961,True,470
in_domain,Linear,True,nearest_train_similarity,True,0.010179,0.022854,0.521256,0.583961,True,470
in_domain,MLP,True,MolWt,False,0.010602,0.007250,0.240514,0.425308,True,470
in_domain,MLP,True,MolLogP,False,0.275713,0.100102,0.240514,0.425308,True,470
in_domain,MLP,True,TPSA,False,0.092544,0.054395,0.240514,0.425308,True,470
in_domain,MLP,True,NumRotatableBonds,False,0.033621,0.030467,0.240514,0.425308,True,470
in_domain,MLP,True,AromaticAtomFraction,False,0.057536,0.059593,0.240514,0.425308,True,470
in_domain,MLP,True,HeavyAtomCount,False,0.027687,0.016985,0.240514,0.425308,True,470
in_domain,MLP,True,NumRings,False,-0.000224,0.003740,0.240514,0.425308,True,470
in_domain,MLP,True,NumAromaticRings,False,0.014896,0.010321,0.240514,0.425308,True,470
in_domain,MLP,True,NumAliphaticRings,False,0.009302,0.005462,0.240514,0.425308,True,470
in_domain,MLP,True,NumHeteroatoms,False,0.017599,0.019612,0.240514,0.425308,True,470
in_domain,MLP,True,FractionCSP3,False,0.063959,0.066218,0.240514,0.425308,True,470
in_domain,MLP,True,NumHDonors,False,-0.002630,0.006072,0.240514,0.425308,True,470
in_domain,MLP,True,NumHAcceptors,False,-0.004705,0.014705,0.240514,0.425308,True,470
in_domain,MLP,True,baseline_absolute_error,True,0.498762,0.107467,0.240514,0.425308,True,470
in_domain,MLP,True,nearest_train_similarity,True,0.031692,0.029937,0.240514,0.425308,True,470
in_domain,GCN,True,MolWt,False,0.109582,0.101127,0.088409,0.317885,True,470
in_domain,GCN,True,MolLogP,False,0.029317,0.039824,0.088409,0.317885,True,470
in_domain,GCN,True,TPSA,False,-0.000246,0.045601,0.088409,0.317885,True,470
in_domain,GCN,True,NumRotatableBonds,False,-0.007047,0.030625,0.088409,0.317885,True,470
in_domain,GCN,True,AromaticAtomFraction,False,0.001968,0.017749,0.088409,0.317885,True,470
in_domain,GCN,True,HeavyAtomCount,False,0.009618,0.042927,0.088409,0.317885,True,470
in_domain,GCN,True,NumRings,False,0.003353,0.010488,0.088409,0.317885,True,470
in_domain,GCN,True,NumAromaticRings,False,0.004702,0.013054,0.088409,0.317885,True,470
in_domain,GCN,True,NumAliphaticRings,False,0.007972,0.013476,0.088409,0.317885,True,470
in_domain,GCN,True,NumHeteroatoms,False,-0.005097,0.022304,0.088409,0.317885,True,470
in_domain,GCN,True,FractionCSP3,False,-0.004661,0.004980,0.088409,0.317885,True,470
in_domain,GCN,True,NumHDonors,False,0.010482,0.019903,0.088409,0.317885,True,470
in_domain,GCN,True,NumHAcceptors,False,-0.002366,0.011826,0.088409,0.317885,True,470
in_domain,GCN,True,baseline_absolute_error,True,0.165597,0.109115,0.088409,0.317885,True,470
in_domain,GCN,True,nearest_train_similarity,True,0.064201,0.039021,0.088409,0.317885,True,470
in_domain,GIN,True,MolWt,False,0.153231,0.089038,0.125624,0.373533,True,470
in_domain,GIN,True,MolLogP,False,0.022276,0.029738,0.125624,0.373533,True,470
in_domain,GIN,True,TPSA,False,0.051376,0.028804,0.125624,0.373533,True,470
in_domain,GIN,True,NumRotatableBonds,False,0.013177,0.016084,0.125624,0.373533,True,470
in_domain,GIN,True,AromaticAtomFraction,False,0.011915,0.039201,0.125624,0.373533,True,470
in_domain,GIN,True,HeavyAtomCount,False,0.023817,0.010711,0.125624,0.373533,True,470
in_domain,GIN,True,NumRings,False,0.001176,0.013677,0.125624,0.373533,True,470
in_domain,GIN,True,NumAromaticRings,False,-0.005542,0.012238,0.125624,0.373533,True,470
in_domain,GIN,True,NumAliphaticRings,False,0.013762,0.004766,0.125624,0.373533,True,470
in_domain,GIN,True,NumHeteroatoms,False,0.009778,0.021368,0.125624,0.373533,True,470
in_domain,GIN,True,FractionCSP3,False,0.018541,0.023523,0.125624,0.373533,True,470
in_domain,GIN,True,NumHDonors,False,0.010275,0.009819,0.125624,0.373533,True,470
in_domain,GIN,True,NumHAcceptors,False,0.010188,0.019724,0.125624,0.373533,True,470
in_domain,GIN,True,baseline_absolute_error,True,0.133882,0.032415,0.125624,0.373533,True,470
in_domain,GIN,True,nearest_train_similarity,True,0.122952,0.063040,0.125624,0.373533,True,470
out_of_scaffold,Linear,True,MolWt,False,0.051834,0.030959,0.333283,0.594439,True,413
out_of_scaffold,Linear,True,MolLogP,False,0.615034,0.244858,0.333283,0.594439,True,413
out_of_scaffold,Linear,True,TPSA,False,0.014246,0.055052,0.333283,0.594439,True,413
out_of_scaffold,Linear,True,NumRotatableBonds,False,0.011152,0.016232,0.333283,0.594439,True,413
out_of_scaffold,Linear,True,AromaticAtomFraction,False,0.102413,0.146979,0.333283,0.594439,True,413
out_of_scaffold,Linear,True,HeavyAtomCount,False,0.001505,0.009340,0.333283,0.594439,True,413
out_of_scaffold,Linear,True,NumRings,False,0.005477,0.006037,0.333283,0.594439,True,413
out_of_scaffold,Linear,True,NumAromaticRings,False,0.058585,0.044002,0.333283,0.594439,True,413
out_of_scaffold,Linear,True,NumAliphaticRings,False,0.002365,0.005765,0.333283,0.594439,True,413
out_of_scaffold,Linear,True,NumHeteroatoms,False,0.062286,0.056324,0.333283,0.594439,True,413
out_of_scaffold,Linear,True,FractionCSP3,False,0.088621,0.103052,0.333283,0.594439,True,413
out_of_scaffold,Linear,True,NumHDonors,False,0.004301,0.008231,0.333283,0.594439,True,413
out_of_scaffold,Linear,True,NumHAcceptors,False,0.002597,0.019943,0.333283,0.594439,True,413
out_of_scaffold,Linear,True,baseline_absolute_error,True,0.356265,0.108694,0.333283,0.594439,True,413
out_of_scaffold,Linear,True,nearest_train_similarity,True,0.027003,0.012021,0.333283,0.594439,True,413
out_of_scaffold,MLP,True,MolWt,False,0.104817,0.102712,0.194581,0.391017,True,413
out_of_scaffold,MLP,True,MolLogP,False,0.290209,0.036657,0.194581,0.391017,True,413
out_of_scaffold,MLP,True,TPSA,False,0.160172,0.116547,0.194581,0.391017,True,413
out_of_scaffold,MLP,True,NumRotatableBonds,False,-0.001171,0.013022,0.194581,0.391017,True,413
out_of_scaffold,MLP,True,AromaticAtomFraction,False,0.106329,0.055206,0.194581,0.391017,True,413
out_of_scaffold,MLP,True,HeavyAtomCount,False,0.012969,0.017515,0.194581,0.391017,True,413
out_of_scaffold,MLP,True,NumRings,False,0.002198,0.007649,0.194581,0.391017,True,413
out_of_scaffold,MLP,True,NumAromaticRings,False,0.015919,0.018448,0.194581,0.391017,True,413
out_of_scaffold,MLP,True,NumAliphaticRings,False,0.001567,0.018205,0.194581,0.391017,True,413
out_of_scaffold,MLP,True,NumHeteroatoms,False,0.006700,0.012734,0.194581,0.391017,True,413
out_of_scaffold,MLP,True,FractionCSP3,False,0.059132,0.049514,0.194581,0.391017,True,413
out_of_scaffold,MLP,True,NumHDonors,False,0.048097,0.027436,0.194581,0.391017,True,413
out_of_scaffold,MLP,True,NumHAcceptors,False,0.026017,0.023498,0.194581,0.391017,True,413
out_of_scaffold,MLP,True,baseline_absolute_error,True,0.405339,0.092582,0.194581,0.391017,True,413
out_of_scaffold,MLP,True,nearest_train_similarity,True,0.026075,0.022193,0.194581,0.391017,True,413
out_of_scaffold,GCN,True,MolWt,False,0.063282,0.050471,0.277164,0.408125,True,413
out_of_scaffold,GCN,True,MolLogP,False,0.011792,0.010439,0.277164,0.408125,True,413
out_of_scaffold,GCN,True,TPSA,False,0.041906,0.036416,0.277164,0.408125,True,413
out_of_scaffold,GCN,True,NumRotatableBonds,False,0.021816,0.024491,0.277164,0.408125,True,413
out_of_scaffold,GCN,True,AromaticAtomFraction,False,0.059123,0.039930,0.277164,0.408125,True,413
out_of_scaffold,GCN,True,HeavyAtomCount,False,0.000654,0.014391,0.277164,0.408125,True,413
out_of_scaffold,GCN,True,NumRings,False,-0.001721,0.014377,0.277164,0.408125,True,413
out_of_scaffold,GCN,True,NumAromaticRings,False,0.015277,0.014551,0.277164,0.408125,True,413
out_of_scaffold,GCN,True,NumAliphaticRings,False,0.021365,0.038865,0.277164,0.408125,True,413
out_of_scaffold,GCN,True,NumHeteroatoms,False,0.013847,0.025801,0.277164,0.408125,True,413
out_of_scaffold,GCN,True,FractionCSP3,False,0.027209,0.038549,0.277164,0.408125,True,413
out_of_scaffold,GCN,True,NumHDonors,False,0.000929,0.002312,0.277164,0.408125,True,413
out_of_scaffold,GCN,True,NumHAcceptors,False,0.006819,0.021371,0.277164,0.408125,True,413
out_of_scaffold,GCN,True,baseline_absolute_error,True,0.766158,0.186485,0.277164,0.408125,True,413
out_of_scaffold,GCN,True,nearest_train_similarity,True,0.103347,0.045020,0.277164,0.408125,True,413
out_of_scaffold,GIN,True,MolWt,False,0.056670,0.018231,0.228401,0.345964,True,413
out_of_scaffold,GIN,True,MolLogP,False,0.045077,0.050645,0.228401,0.345964,True,413
out_of_scaffold,GIN,True,TPSA,False,0.099836,0.053775,0.228401,0.345964,True,413
out_of_scaffold,GIN,True,NumRotatableBonds,False,0.008780,0.012225,0.228401,0.345964,True,413
out_of_scaffold,GIN,True,AromaticAtomFraction,False,0.063761,0.043048,0.228401,0.345964,True,413
out_of_scaffold,GIN,True,HeavyAtomCount,False,0.022245,0.015353,0.228401,0.345964,True,413
out_of_scaffold,GIN,True,NumRings,False,0.000454,0.009546,0.228401,0.345964,True,413
out_of_scaffold,GIN,True,NumAromaticRings,False,0.003622,0.011139,0.228401,0.345964,True,413
out_of_scaffold,GIN,True,NumAliphaticRings,False,0.042621,0.074170,0.228401,0.345964,True,413
out_of_scaffold,GIN,True,NumHeteroatoms,False,0.004871,0.006045,0.228401,0.345964,True,413
out_of_scaffold,GIN,True,FractionCSP3,False,0.074310,0.044247,0.228401,0.345964,True,413
out_of_scaffold,GIN,True,NumHDonors,False,0.014456,0.028171,0.228401,0.345964,True,413
out_of_scaffold,GIN,True,NumHAcceptors,False,0.003339,0.012372,0.228401,0.345964,True,413
out_of_scaffold,GIN,True,baseline_absolute_error,True,0.586797,0.136450,0.228401,0.345964,True,413
out_of_scaffold,GIN,True,nearest_train_similarity,True,0.174059,0.071338,0.228401,0.345964,True,413
in_domain,Linear,False,MolWt,False,0.107485,0.049679,0.346302,0.484475,True,470
in_domain,Linear,False,MolLogP,False,0.303668,0.111940,0.346302,0.484475,True,470
in_domain,Linear,False,TPSA,False,0.182182,0.067658,0.346302,0.484475,True,470
in_domain,Linear,False,NumRotatableBonds,False,0.051507,0.045789,0.346302,0.484475,True,470
in_domain,Linear,False,AromaticAtomFraction,False,0.225841,0.258954,0.346302,0.484475,True,470
in_domain,Linear,False,HeavyAtomCount,False,0.049869,0.040622,0.346302,0.484475,True,470
in_domain,Linear,False,NumRings,False,0.018759,0.015428,0.346302,0.484475,True,470
in_domain,Linear,False,NumAromaticRings,False,0.003118,0.010001,0.346302,0.484475,True,470
in_domain,Linear,False,NumAliphaticRings,False,0.012522,0.007187,0.346302,0.484475,True,470
in_domain,Linear,False,NumHeteroatoms,False,0.300561,0.083479,0.346302,0.484475,True,470
in_domain,Linear,False,FractionCSP3,False,0.245435,0.242263,0.346302,0.484475,True,470
in_domain,Linear,False,NumHDonors,False,0.006020,0.011414,0.346302,0.484475,True,470
in_domain,Linear,False,NumHAcceptors,False,0.000931,0.014371,0.346302,0.484475,True,470
in_domain,MLP,False,MolWt,False,0.045156,0.072073,0.080176,0.326828,True,470
in_domain,MLP,False,MolLogP,False,0.047387,0.038482,0.080176,0.326828,True,470
in_domain,MLP,False,TPSA,False,0.145387,0.061664,0.080176,0.326828,True,470
in_domain,MLP,False,NumRotatableBonds,False,0.051849,0.037245,0.080176,0.326828,True,470
in_domain,MLP,False,AromaticAtomFraction,False,0.282387,0.343876,0.080176,0.326828,True,470
in_domain,MLP,False,HeavyAtomCount,False,0.018414,0.015846,0.080176,0.326828,True,470
in_domain,MLP,False,NumRings,False,0.002219,0.007989,0.080176,0.326828,True,470
in_domain,MLP,False,NumAromaticRings,False,-0.012804,0.025740,0.080176,0.326828,True,470
in_domain,MLP,False,NumAliphaticRings,False,0.040566,0.014490,0.080176,0.326828,True,470
in_domain,MLP,False,NumHeteroatoms,False,0.049397,0.037015,0.080176,0.326828,True,470
in_domain,MLP,False,FractionCSP3,False,0.317141,0.327868,0.080176,0.326828,True,470
in_domain,MLP,False,NumHDonors,False,0.010853,0.008742,0.080176,0.326828,True,470
in_domain,MLP,False,NumHAcceptors,False,0.037891,0.066134,0.080176,0.326828,True,470
in_domain,GCN,False,MolWt,False,0.134258,0.103738,0.019290,0.267509,True,470
in_domain,GCN,False,MolLogP,False,-0.000486,0.040123,0.019290,0.267509,True,470
in_domain,GCN,False,TPSA,False,0.010611,0.018974,0.019290,0.267509,True,470
in_domain,GCN,False,NumRotatableBonds,False,-0.019712,0.027687,0.019290,0.267509,True,470
in_domain,GCN,False,AromaticAtomFraction,False,0.020437,0.022463,0.019290,0.267509,True,470
in_domain,GCN,False,HeavyAtomCount,False,0.016043,0.028241,0.019290,0.267509,True,470
in_domain,GCN,False,NumRings,False,0.008733,0.012999,0.019290,0.267509,True,470
in_domain,GCN,False,NumAromaticRings,False,0.002994,0.010507,0.019290,0.267509,True,470
in_domain,GCN,False,NumAliphaticRings,False,0.000907,0.024829,0.019290,0.267509,True,470
in_domain,GCN,False,NumHeteroatoms,False,-0.001186,0.020335,0.019290,0.267509,True,470
in_domain,GCN,False,FractionCSP3,False,-0.002775,0.017746,0.019290,0.267509,True,470
in_domain,GCN,False,NumHDonors,False,-0.002194,0.011593,0.019290,0.267509,True,470
in_domain,GCN,False,NumHAcceptors,False,-0.018275,0.017310,0.019290,0.267509,True,470
in_domain,GIN,False,MolWt,False,0.335113,0.207626,0.079361,0.275408,True,470
in_domain,GIN,False,MolLogP,False,0.041801,0.039863,0.079361,0.275408,True,470
in_domain,GIN,False,TPSA,False,0.074290,0.061929,0.079361,0.275408,True,470
in_domain,GIN,False,NumRotatableBonds,False,0.006592,0.015745,0.079361,0.275408,True,470
in_domain,GIN,False,AromaticAtomFraction,False,0.094305,0.028113,0.079361,0.275408,True,470
in_domain,GIN,False,HeavyAtomCount,False,0.029279,0.026656,0.079361,0.275408,True,470
in_domain,GIN,False,NumRings,False,-0.009872,0.018267,0.079361,0.275408,True,470
in_domain,GIN,False,NumAromaticRings,False,-0.000321,0.010585,0.079361,0.275408,True,470
in_domain,GIN,False,NumAliphaticRings,False,0.005930,0.007699,0.079361,0.275408,True,470
in_domain,GIN,False,NumHeteroatoms,False,0.103388,0.196142,0.079361,0.275408,True,470
in_domain,GIN,False,FractionCSP3,False,0.062840,0.029102,0.079361,0.275408,True,470
in_domain,GIN,False,NumHDonors,False,0.015809,0.006882,0.079361,0.275408,True,470
in_domain,GIN,False,NumHAcceptors,False,0.031030,0.043232,0.079361,0.275408,True,470
out_of_scaffold,Linear,False,MolWt,False,0.007266,0.044765,0.206158,0.465991,True,413
out_of_scaffold,Linear,False,MolLogP,False,0.388756,0.221983,0.206158,0.465991,True,413
out_of_scaffold,Linear,False,TPSA,False,0.057543,0.058853,0.206158,0.465991,True,413
out_of_scaffold,Linear,False,NumRotatableBonds,False,0.010636,0.017775,0.206158,0.465991,True,413
out_of_scaffold,Linear,False,AromaticAtomFraction,False,0.267512,0.325386,0.206158,0.465991,True,413
out_of_scaffold,Linear,False,HeavyAtomCount,False,0.006306,0.008841,0.206158,0.465991,True,413
out_of_scaffold,Linear,False,NumRings,False,0.015133,0.030972,0.206158,0.465991,True,413
out_of_scaffold,Linear,False,NumAromaticRings,False,0.056311,0.039067,0.206158,0.465991,True,413
out_of_scaffold,Linear,False,NumAliphaticRings,False,0.008647,0.033834,0.206158,0.465991,True,413
out_of_scaffold,Linear,False,NumHeteroatoms,False,0.068212,0.065287,0.206158,0.465991,True,413
out_of_scaffold,Linear,False,FractionCSP3,False,0.253449,0.256573,0.206158,0.465991,True,413
out_of_scaffold,Linear,False,NumHDonors,False,0.011603,0.006428,0.206158,0.465991,True,413
out_of_scaffold,Linear,False,NumHAcceptors,False,0.007018,0.039546,0.206158,0.465991,True,413
out_of_scaffold,MLP,False,MolWt,False,0.182858,0.110465,0.125396,0.331974,True,413
out_of_scaffold,MLP,False,MolLogP,False,0.084653,0.072697,0.125396,0.331974,True,413
out_of_scaffold,MLP,False,TPSA,False,0.242935,0.179034,0.125396,0.331974,True,413
out_of_scaffold,MLP,False,NumRotatableBonds,False,0.021248,0.043907,0.125396,0.331974,True,413
out_of_scaffold,MLP,False,AromaticAtomFraction,False,0.177197,0.116049,0.125396,0.331974,True,413
out_of_scaffold,MLP,False,HeavyAtomCount,False,0.023314,0.043218,0.125396,0.331974,True,413
out_of_scaffold,MLP,False,NumRings,False,-0.002303,0.007246,0.125396,0.331974,True,413
out_of_scaffold,MLP,False,NumAromaticRings,False,0.064618,0.037926,0.125396,0.331974,True,413
out_of_scaffold,MLP,False,NumAliphaticRings,False,0.023419,0.045060,0.125396,0.331974,True,413
out_of_scaffold,MLP,False,NumHeteroatoms,False,0.036106,0.031111,0.125396,0.331974,True,413
out_of_scaffold,MLP,False,FractionCSP3,False,0.126592,0.084331,0.125396,0.331974,True,413
out_of_scaffold,MLP,False,NumHDonors,False,0.042935,0.021965,0.125396,0.331974,True,413
out_of_scaffold,MLP,False,NumHAcceptors,False,0.065707,0.049259,0.125396,0.331974,True,413
out_of_scaffold,GCN,False,MolWt,False,0.114813,0.097652,0.157976,0.307117,True,413
out_of_scaffold,GCN,False,MolLogP,False,0.257982,0.097400,0.157976,0.307117,True,413
out_of_scaffold,GCN,False,TPSA,False,0.138564,0.043930,0.157976,0.307117,True,413
out_of_scaffold,GCN,False,NumRotatableBonds,False,0.014660,0.044602,0.157976,0.307117,True,413
out_of_scaffold,GCN,False,AromaticAtomFraction,False,0.097465,0.055192,0.157976,0.307117,True,413
out_of_scaffold,GCN,False,HeavyAtomCount,False,0.023911,0.034845,0.157976,0.307117,True,413
out_of_scaffold,GCN,False,NumRings,False,-0.004091,0.004635,0.157976,0.307117,True,413
out_of_scaffold,GCN,False,NumAromaticRings,False,0.014807,0.023055,0.157976,0.307117,True,413
out_of_scaffold,GCN,False,NumAliphaticRings,False,0.043398,0.083046,0.157976,0.307117,True,413
out_of_scaffold,GCN,False,NumHeteroatoms,False,0.031173,0.041242,0.157976,0.307117,True,413
out_of_scaffold,GCN,False,FractionCSP3,False,0.065534,0.034280,0.157976,0.307117,True,413
out_of_scaffold,GCN,False,NumHDonors,False,0.001654,0.009403,0.157976,0.307117,True,413
out_of_scaffold,GCN,False,NumHAcceptors,False,0.017454,0.029680,0.157976,0.307117,True,413
out_of_scaffold,GIN,False,MolWt,False,0.112631,0.049764,0.082445,0.236536,True,413
out_of_scaffold,GIN,False,MolLogP,False,0.098070,0.051050,0.082445,0.236536,True,413
out_of_scaffold,GIN,False,TPSA,False,0.119013,0.055126,0.082445,0.236536,True,413
out_of_scaffold,GIN,False,NumRotatableBonds,False,0.015218,0.025780,0.082445,0.236536,True,413
out_of_scaffold,GIN,False,AromaticAtomFraction,False,0.141811,0.050323,0.082445,0.236536,True,413
out_of_scaffold,GIN,False,HeavyAtomCount,False,0.030927,0.014356,0.082445,0.236536,True,413
out_of_scaffold,GIN,False,NumRings,False,-0.000749,0.005894,0.082445,0.236536,True,413
out_of_scaffold,GIN,False,NumAromaticRings,False,-0.004177,0.004971,0.082445,0.236536,True,413
out_of_scaffold,GIN,False,NumAliphaticRings,False,0.083100,0.150468,0.082445,0.236536,True,413
out_of_scaffold,GIN,False,NumHeteroatoms,False,0.002367,0.008096,0.082445,0.236536,True,413
out_of_scaffold,GIN,False,FractionCSP3,False,0.069537,0.020621,0.082445,0.236536,True,413
out_of_scaffold,GIN,False,NumHDonors,False,0.001276,0.008524,0.082445,0.236536,True,413
out_of_scaffold,GIN,False,NumHAcceptors,False,0.009546,0.019143,0.082445,0.236536,True,413
