regime,model,property,property_bin,bin_index,molecules,property_median,actual_median,mean_absolute_error,baseline_mean_absolute_error,normalized_mean_absolute_error,mean_residual
in_domain,Dummy (mean),MolWt,"(16.041999999999998, 116.174]",0,118,98.167000,-1.050000,2.103767,2.103767,1.000000,-1.754932
in_domain,Dummy (mean),MolWt,"(116.174, 179.689]",1,117,145.161000,-2.310000,1.200195,1.200195,1.000000,-0.563445
in_domain,Dummy (mean),MolWt,"(179.689, 271.382]",2,117,218.205000,-3.220000,1.519386,1.519386,1.000000,0.497810
in_domain,Dummy (mean),MolWt,"(271.382, 780.949]",3,118,332.403000,-4.689000,2.033105,2.033105,1.000000,1.790052
in_domain,Linear,MolWt,"(16.041999999999998, 116.174]",0,118,98.167000,-1.050000,0.864096,2.103767,0.410737,-0.124499
in_domain,Linear,MolWt,"(116.174, 179.689]",1,117,145.161000,-2.310000,0.663741,1.200195,0.553027,0.096545
in_domain,Linear,MolWt,"(179.689, 271.382]",2,117,218.205000,-3.220000,0.832480,1.519386,0.547906,0.334402
in_domain,Linear,MolWt,"(271.382, 780.949]",3,118,332.403000,-4.689000,0.690378,2.033105,0.339568,-0.086230
in_domain,MLP,MolWt,"(16.041999999999998, 116.174]",0,118,98.167000,-1.050000,0.491728,2.103767,0.233737,0.073285
in_domain,MLP,MolWt,"(116.174, 179.689]",1,117,145.161000,-2.310000,0.511212,1.200195,0.425941,0.112366
in_domain,MLP,MolWt,"(179.689, 271.382]",2,117,218.205000,-3.220000,0.671715,1.519386,0.442096,0.067805
in_domain,MLP,MolWt,"(271.382, 780.949]",3,118,332.403000,-4.689000,0.727360,2.033105,0.357758,-0.012044
in_domain,GCN,MolWt,"(16.041999999999998, 116.174]",0,118,98.167000,-1.050000,0.613743,2.103767,0.291735,-0.290920
in_domain,GCN,MolWt,"(116.174, 179.689]",1,117,145.161000,-2.310000,0.402006,1.200195,0.334950,-0.096974
in_domain,GCN,MolWt,"(179.689, 271.382]",2,117,218.205000,-3.220000,0.552869,1.519386,0.363877,0.037958
in_domain,GCN,MolWt,"(271.382, 780.949]",3,118,332.403000,-4.689000,0.852308,2.033105,0.419215,0.494012
in_domain,GIN,MolWt,"(16.041999999999998, 116.174]",0,118,98.167000,-1.050000,0.382768,2.103767,0.181944,-0.113714
in_domain,GIN,MolWt,"(116.174, 179.689]",1,117,145.161000,-2.310000,0.422268,1.200195,0.351832,-0.105275
in_domain,GIN,MolWt,"(179.689, 271.382]",2,117,218.205000,-3.220000,0.566690,1.519386,0.372973,0.028678
in_domain,GIN,MolWt,"(271.382, 780.949]",3,118,332.403000,-4.689000,0.699089,2.033105,0.343853,0.278695
out_of_scaffold,Dummy (mean),MolWt,"(58.079, 180.167]",0,105,142.201000,-2.530000,1.360091,1.360091,1.000000,-0.265798
out_of_scaffold,Dummy (mean),MolWt,"(180.167, 254.293]",1,102,216.775500,-3.231500,1.515420,1.515420,1.000000,0.880785
out_of_scaffold,Dummy (mean),MolWt,"(254.293, 328.843]",2,103,290.323000,-4.160000,1.866156,1.866156,1.000000,1.656991
out_of_scaffold,Dummy (mean),MolWt,"(328.843, 780.949]",3,103,372.808000,-5.184000,2.668965,2.668965,1.000000,2.460570
out_of_scaffold,Linear,MolWt,"(58.079, 180.167]",0,105,142.201000,-2.530000,1.023301,1.360091,0.752377,0.414001
out_of_scaffold,Linear,MolWt,"(180.167, 254.293]",1,102,216.775500,-3.231500,0.928464,1.515420,0.612677,0.554879
out_of_scaffold,Linear,MolWt,"(254.293, 328.843]",2,103,290.323000,-4.160000,0.714717,1.866156,0.382989,0.187923
out_of_scaffold,Linear,MolWt,"(328.843, 780.949]",3,103,372.808000,-5.184000,0.765435,2.668965,0.286791,-0.045919
out_of_scaffold,MLP,MolWt,"(58.079, 180.167]",0,105,142.201000,-2.530000,0.640200,1.360091,0.470704,0.265432
out_of_scaffold,MLP,MolWt,"(180.167, 254.293]",1,102,216.775500,-3.231500,0.731488,1.515420,0.482696,0.309057
out_of_scaffold,MLP,MolWt,"(254.293, 328.843]",2,103,290.323000,-4.160000,0.548411,1.866156,0.293872,-0.045189
out_of_scaffold,MLP,MolWt,"(328.843, 780.949]",3,103,372.808000,-5.184000,0.781821,2.668965,0.292930,-0.137829
out_of_scaffold,GCN,MolWt,"(58.079, 180.167]",0,105,142.201000,-2.530000,0.954255,1.360091,0.701611,-0.240409
out_of_scaffold,GCN,MolWt,"(180.167, 254.293]",1,102,216.775500,-3.231500,0.840142,1.515420,0.554395,0.025706
out_of_scaffold,GCN,MolWt,"(254.293, 328.843]",2,103,290.323000,-4.160000,0.874200,1.866156,0.468450,0.345602
out_of_scaffold,GCN,MolWt,"(328.843, 780.949]",3,103,372.808000,-5.184000,1.136689,2.668965,0.425891,0.732487
out_of_scaffold,GIN,MolWt,"(58.079, 180.167]",0,105,142.201000,-2.530000,0.853272,1.360091,0.627364,-0.144320
out_of_scaffold,GIN,MolWt,"(180.167, 254.293]",1,102,216.775500,-3.231500,0.810234,1.515420,0.534660,-0.120266
out_of_scaffold,GIN,MolWt,"(254.293, 328.843]",2,103,290.323000,-4.160000,0.765112,1.866156,0.409994,0.221994
out_of_scaffold,GIN,MolWt,"(328.843, 780.949]",3,103,372.808000,-5.184000,1.001753,2.668965,0.375334,0.582402
in_domain,Dummy (mean),MolLogP,"(-5.397, 1.415]",0,120,0.732010,-0.835000,2.156196,2.156196,1.000000,-2.106359
in_domain,Dummy (mean),MolLogP,"(1.415, 2.301]",1,115,1.813900,-1.970000,1.228277,1.228277,1.000000,-0.917530
in_domain,Dummy (mean),MolLogP,"(2.301, 3.281]",2,117,2.788880,-3.430000,0.783515,0.783515,1.000000,0.381877
in_domain,Dummy (mean),MolLogP,"(3.281, 8.581]",3,118,4.300810,-5.435000,2.666739,2.666739,1.000000,2.627664
in_domain,Linear,MolLogP,"(-5.397, 1.415]",0,120,0.732010,-0.835000,0.744448,2.156196,0.345260,-0.095575
in_domain,Linear,MolLogP,"(1.415, 2.301]",1,115,1.813900,-1.970000,0.662963,1.228277,0.539750,-0.231499
in_domain,Linear,MolLogP,"(2.301, 3.281]",2,117,2.788880,-3.430000,0.676463,0.783515,0.863369,0.137979
in_domain,Linear,MolLogP,"(3.281, 8.581]",3,118,4.300810,-5.435000,0.964111,2.666739,0.361532,0.402563
in_domain,MLP,MolLogP,"(-5.397, 1.415]",0,120,0.732010,-0.835000,0.552593,2.156196,0.256281,-0.037537
in_domain,MLP,MolLogP,"(1.415, 2.301]",1,115,1.813900,-1.970000,0.599775,1.228277,0.488306,0.029379
in_domain,MLP,MolLogP,"(2.301, 3.281]",2,117,2.788880,-3.430000,0.521424,0.783515,0.665493,0.060086
in_domain,MLP,MolLogP,"(3.281, 8.581]",3,118,4.300810,-5.435000,0.728499,2.666739,0.273180,0.189850
in_domain,GCN,MolLogP,"(-5.397, 1.415]",0,120,0.732010,-0.835000,0.610640,2.156196,0.283202,-0.270922
in_domain,GCN,MolLogP,"(1.415, 2.301]",1,115,1.813900,-1.970000,0.512481,1.228277,0.417235,-0.068373
in_domain,GCN,MolLogP,"(2.301, 3.281]",2,117,2.788880,-3.430000,0.524480,0.783515,0.669394,0.077010
in_domain,GCN,MolLogP,"(3.281, 8.581]",3,118,4.300810,-5.435000,0.772357,2.666739,0.289626,0.410368
in_domain,GIN,MolLogP,"(-5.397, 1.415]",0,120,0.732010,-0.835000,0.491416,2.156196,0.227909,-0.172933
in_domain,GIN,MolLogP,"(1.415, 2.301]",1,115,1.813900,-1.970000,0.459742,1.228277,0.374298,-0.047342
in_domain,GIN,MolLogP,"(2.301, 3.281]",2,117,2.788880,-3.430000,0.477273,0.783515,0.609143,0.043685
in_domain,GIN,MolLogP,"(3.281, 8.581]",3,118,4.300810,-5.435000,0.641406,2.666739,0.240521,0.267722
out_of_scaffold,Dummy (mean),MolLogP,"(-7.572, 1.828]",0,104,0.835400,-2.269500,1.249663,1.249663,1.000000,-0.828047
out_of_scaffold,Dummy (mean),MolLogP,"(1.828, 2.852]",1,103,2.401700,-3.140000,0.846153,0.846153,1.000000,0.242808
out_of_scaffold,Dummy (mean),MolLogP,"(2.852, 4.221]",2,103,3.475500,-4.314000,1.503499,1.503499,1.000000,1.501234
out_of_scaffold,Dummy (mean),MolLogP,"(4.221, 9.888]",3,103,5.313800,-6.560000,3.810881,3.810881,1.000000,3.810881
out_of_scaffold,Linear,MolLogP,"(-7.572, 1.828]",0,104,0.835400,-2.269500,1.156242,1.249663,0.925243,0.687517
out_of_scaffold,Linear,MolLogP,"(1.828, 2.852]",1,103,2.401700,-3.140000,0.677047,0.846153,0.800148,-0.008494
out_of_scaffold,Linear,MolLogP,"(2.852, 4.221]",2,103,3.475500,-4.314000,0.719746,1.503499,0.478714,0.150474
out_of_scaffold,Linear,MolLogP,"(4.221, 9.888]",3,103,5.313800,-6.560000,0.878511,3.810881,0.230527,0.277363
out_of_scaffold,MLP,MolLogP,"(-7.572, 1.828]",0,104,0.835400,-2.269500,0.767325,1.249663,0.614025,0.253035
out_of_scaffold,MLP,MolLogP,"(1.828, 2.852]",1,103,2.401700,-3.140000,0.653636,0.846153,0.772480,0.127880
out_of_scaffold,MLP,MolLogP,"(2.852, 4.221]",2,103,3.475500,-4.314000,0.588637,1.503499,0.391511,0.077691
out_of_scaffold,MLP,MolLogP,"(4.221, 9.888]",3,103,5.313800,-6.560000,0.690201,3.810881,0.181113,-0.067438
out_of_scaffold,GCN,MolLogP,"(-7.572, 1.828]",0,104,0.835400,-2.269500,0.839559,1.249663,0.671828,0.059321
out_of_scaffold,GCN,MolLogP,"(1.828, 2.852]",1,103,2.401700,-3.140000,0.898498,0.846153,1.061863,-0.169540
out_of_scaffold,GCN,MolLogP,"(2.852, 4.221]",2,103,3.475500,-4.314000,0.814740,1.503499,0.541896,0.009288
out_of_scaffold,GCN,MolLogP,"(4.221, 9.888]",3,103,5.313800,-6.560000,1.254710,3.810881,0.329244,0.958823
out_of_scaffold,GIN,MolLogP,"(-7.572, 1.828]",0,104,0.835400,-2.269500,0.820837,1.249663,0.656847,0.044888
out_of_scaffold,GIN,MolLogP,"(1.828, 2.852]",1,103,2.401700,-3.140000,0.824651,0.846153,0.974590,-0.175516
out_of_scaffold,GIN,MolLogP,"(2.852, 4.221]",2,103,3.475500,-4.314000,0.725290,1.503499,0.482401,-0.049771
out_of_scaffold,GIN,MolLogP,"(4.221, 9.888]",3,103,5.313800,-6.560000,1.060326,3.810881,0.278236,0.718137
in_domain,Dummy (mean),TPSA,"(-0.001, 26.165]",0,235,0.000000,-2.740000,1.920005,1.920005,1.000000,0.129775
in_domain,Dummy (mean),TPSA,"(26.165, 56.955]",1,117,38.910000,-2.843000,1.463300,1.463300,1.000000,-0.285755
in_domain,Dummy (mean),TPSA,"(56.955, 203.06]",2,118,75.270000,-3.054000,1.558767,1.558767,1.000000,-0.005075
in_domain,Linear,TPSA,"(-0.001, 26.165]",0,235,0.000000,-2.740000,0.871056,1.920005,0.453674,0.172605
in_domain,Linear,TPSA,"(26.165, 56.955]",1,117,38.910000,-2.843000,0.644024,1.463300,0.440117,-0.322120
in_domain,Linear,TPSA,"(56.955, 203.06]",2,118,75.270000,-3.054000,0.664719,1.558767,0.426439,0.192207
in_domain,MLP,TPSA,"(-0.001, 26.165]",0,235,0.000000,-2.740000,0.520433,1.920005,0.271058,0.044560
in_domain,MLP,TPSA,"(26.165, 56.955]",1,117,38.910000,-2.843000,0.677034,1.463300,0.462676,0.112605
in_domain,MLP,TPSA,"(56.955, 203.06]",2,118,75.270000,-3.054000,0.684238,1.558767,0.438961,0.039492
in_domain,GCN,TPSA,"(-0.001, 26.165]",0,235,0.000000,-2.740000,0.570079,1.920005,0.296916,-0.130359
in_domain,GCN,TPSA,"(26.165, 56.955]",1,117,38.910000,-2.843000,0.543809,1.463300,0.371632,0.088189
in_domain,GCN,TPSA,"(56.955, 203.06]",2,118,75.270000,-3.054000,0.738305,1.558767,0.473647,0.316749
in_domain,GIN,TPSA,"(-0.001, 26.165]",0,235,0.000000,-2.740000,0.438694,1.920005,0.228486,-0.049411
in_domain,GIN,TPSA,"(26.165, 56.955]",1,117,38.910000,-2.843000,0.556877,1.463300,0.380562,0.020925
in_domain,GIN,TPSA,"(56.955, 203.06]",2,118,75.270000,-3.054000,0.636606,1.558767,0.408404,0.166690
out_of_scaffold,Dummy (mean),TPSA,"(-0.001, 40.46]",0,210,0.000000,-4.410000,2.350940,2.350940,1.000000,1.633611
out_of_scaffold,Dummy (mean),TPSA,"(40.46, 67.51]",1,101,55.240000,-3.893000,1.474517,1.474517,1.000000,1.112862
out_of_scaffold,Dummy (mean),TPSA,"(67.51, 268.68]",2,102,90.865000,-3.243000,1.194865,1.194865,1.000000,0.299832
out_of_scaffold,Linear,TPSA,"(-0.001, 40.46]",0,210,0.000000,-4.410000,0.837576,2.350940,0.356273,0.236799
out_of_scaffold,Linear,TPSA,"(40.46, 67.51]",1,101,55.240000,-3.893000,0.739896,1.474517,0.501788,0.068053
out_of_scaffold,Linear,TPSA,"(67.51, 268.68]",2,102,90.865000,-3.243000,1.019462,1.194865,0.853203,0.569540
out_of_scaffold,MLP,TPSA,"(-0.001, 40.46]",0,210,0.000000,-4.410000,0.602164,2.350940,0.256137,-0.006095
out_of_scaffold,MLP,TPSA,"(40.46, 67.51]",1,101,55.240000,-3.893000,0.806991,1.474517,0.547292,0.364831
out_of_scaffold,MLP,TPSA,"(67.51, 268.68]",2,102,90.865000,-3.243000,0.694962,1.194865,0.581624,0.048778
out_of_scaffold,GCN,TPSA,"(-0.001, 40.46]",0,210,0.000000,-4.410000,1.029740,2.350940,0.438012,0.100995
out_of_scaffold,GCN,TPSA,"(40.46, 67.51]",1,101,55.240000,-3.893000,0.972086,1.474517,0.659257,0.381368
out_of_scaffold,GCN,TPSA,"(67.51, 268.68]",2,102,90.865000,-3.243000,0.770459,1.194865,0.644809,0.281324
out_of_scaffold,GIN,TPSA,"(-0.001, 40.46]",0,210,0.000000,-4.410000,0.921166,2.350940,0.391829,0.066162
out_of_scaffold,GIN,TPSA,"(40.46, 67.51]",1,101,55.240000,-3.893000,0.812264,1.474517,0.550868,0.151371
out_of_scaffold,GIN,TPSA,"(67.51, 268.68]",2,102,90.865000,-3.243000,0.771972,1.194865,0.646075,0.257349
in_domain,Dummy (mean),NumRotatableBonds,"(-0.001, 1.0]",0,240,0.000000,-2.535000,1.896417,1.896417,1.000000,-0.223623
in_domain,Dummy (mean),NumRotatableBonds,"(1.0, 3.0]",1,115,2.000000,-2.820000,1.348228,1.348228,1.000000,-0.344577
in_domain,Dummy (mean),NumRotatableBonds,"(3.0, 17.0]",2,115,5.000000,-3.785000,1.705701,1.705701,1.000000,0.780527
in_domain,Linear,NumRotatableBonds,"(-0.001, 1.0]",0,240,0.000000,-2.535000,0.805730,1.896417,0.424870,0.020146
in_domain,Linear,NumRotatableBonds,"(1.0, 3.0]",1,115,2.000000,-2.820000,0.632739,1.348228,0.469312,0.080700
in_domain,Linear,NumRotatableBonds,"(3.0, 17.0]",2,115,5.000000,-3.785000,0.803005,1.705701,0.470777,0.099471
in_domain,MLP,NumRotatableBonds,"(-0.001, 1.0]",0,240,0.000000,-2.535000,0.558142,1.896417,0.294314,0.023568
in_domain,MLP,NumRotatableBonds,"(1.0, 3.0]",1,115,2.000000,-2.820000,0.553756,1.348228,0.410729,0.138342
in_domain,MLP,NumRotatableBonds,"(3.0, 17.0]",2,115,5.000000,-3.785000,0.735816,1.705701,0.431386,0.058617
in_domain,GCN,NumRotatableBonds,"(-0.001, 1.0]",0,240,0.000000,-2.535000,0.599436,1.896417,0.316089,-0.140765
in_domain,GCN,NumRotatableBonds,"(1.0, 3.0]",1,115,2.000000,-2.820000,0.541382,1.348228,0.401551,0.111669
in_domain,GCN,NumRotatableBonds,"(3.0, 17.0]",2,115,5.000000,-3.785000,0.683399,1.705701,0.400656,0.330451
in_domain,GIN,NumRotatableBonds,"(-0.001, 1.0]",0,240,0.000000,-2.535000,0.489903,1.896417,0.258331,-0.023592
in_domain,GIN,NumRotatableBonds,"(1.0, 3.0]",1,115,2.000000,-2.820000,0.450468,1.348228,0.334118,0.036364
in_domain,GIN,NumRotatableBonds,"(3.0, 17.0]",2,115,5.000000,-3.785000,0.643362,1.705701,0.377184,0.104229
out_of_scaffold,Dummy (mean),NumRotatableBonds,"(-0.001, 1.0]",0,231,0.000000,-3.952000,2.065235,2.065235,1.000000,1.216693
out_of_scaffold,Dummy (mean),NumRotatableBonds,"(1.0, 3.0]",1,103,2.000000,-3.590000,1.359234,1.359234,1.000000,0.896333
out_of_scaffold,Dummy (mean),NumRotatableBonds,"(3.0, 10.0]",2,79,5.000000,-4.160000,1.866196,1.866196,1.000000,1.426099
out_of_scaffold,Linear,NumRotatableBonds,"(-0.001, 1.0]",0,231,0.000000,-3.952000,0.926334,2.065235,0.448537,0.390212
out_of_scaffold,Linear,NumRotatableBonds,"(1.0, 3.0]",1,103,2.000000,-3.590000,0.692445,1.359234,0.509438,0.115550
out_of_scaffold,Linear,NumRotatableBonds,"(3.0, 10.0]",2,79,5.000000,-4.160000,0.877221,1.866196,0.470058,0.160172
out_of_scaffold,MLP,NumRotatableBonds,"(-0.001, 1.0]",0,231,0.000000,-3.952000,0.654802,2.065235,0.317059,0.096086
out_of_scaffold,MLP,NumRotatableBonds,"(1.0, 3.0]",1,103,2.000000,-3.590000,0.570002,1.359234,0.419355,0.038772
out_of_scaffold,MLP,NumRotatableBonds,"(3.0, 10.0]",2,79,5.000000,-4.160000,0.871862,1.866196,0.467186,0.181695
out_of_scaffold,GCN,NumRotatableBonds,"(-0.001, 1.0]",0,231,0.000000,-3.952000,0.979409,2.065235,0.474236,0.061686
out_of_scaffold,GCN,NumRotatableBonds,"(1.0, 3.0]",1,103,2.000000,-3.590000,0.824417,1.359234,0.606531,0.179324
out_of_scaffold,GCN,NumRotatableBonds,"(3.0, 10.0]",2,79,5.000000,-4.160000,1.036132,1.866196,0.555210,0.705095
out_of_scaffold,GIN,NumRotatableBonds,"(-0.001, 1.0]",0,231,0.000000,-3.952000,0.882168,2.065235,0.427151,0.025175
out_of_scaffold,GIN,NumRotatableBonds,"(1.0, 3.0]",1,103,2.000000,-3.590000,0.737963,1.359234,0.542925,0.102897
out_of_scaffold,GIN,NumRotatableBonds,"(3.0, 10.0]",2,79,5.000000,-4.160000,0.942198,1.866196,0.504876,0.493900
in_domain,Dummy (mean),AromaticAtomFraction,"(-0.001, 0.333]",0,236,0.000000,-2.305000,1.703909,1.703909,1.000000,-0.601421
in_domain,Dummy (mean),AromaticAtomFraction,"(0.333, 0.667]",1,130,0.521739,-3.456500,1.493269,1.493269,1.000000,0.650498
in_domain,Dummy (mean),AromaticAtomFraction,"(0.667, 1.0]",2,104,0.833333,-3.255000,2.020138,2.020138,1.000000,0.517649
in_domain,Linear,AromaticAtomFraction,"(-0.001, 0.333]",0,236,0.000000,-2.305000,0.768935,1.703909,0.451277,0.035257
in_domain,Linear,AromaticAtomFraction,"(0.333, 0.667]",1,130,0.521739,-3.456500,0.619148,1.493269,0.414626,-0.001951
in_domain,Linear,AromaticAtomFraction,"(0.667, 1.0]",2,104,0.833333,-3.255000,0.928153,2.020138,0.459450,0.168152
in_domain,MLP,AromaticAtomFraction,"(-0.001, 0.333]",0,236,0.000000,-2.305000,0.589206,1.703909,0.345796,0.019635
in_domain,MLP,AromaticAtomFraction,"(0.333, 0.667]",1,130,0.521739,-3.456500,0.618051,1.493269,0.413891,0.096843
in_domain,MLP,AromaticAtomFraction,"(0.667, 1.0]",2,104,0.833333,-3.255000,0.604382,2.020138,0.299179,0.106567
in_domain,GCN,AromaticAtomFraction,"(-0.001, 0.333]",0,236,0.000000,-2.305000,0.594110,1.703909,0.348675,-0.038128
in_domain,GCN,AromaticAtomFraction,"(0.333, 0.667]",1,130,0.521739,-3.456500,0.661684,1.493269,0.443111,0.209910
in_domain,GCN,AromaticAtomFraction,"(0.667, 1.0]",2,104,0.833333,-3.255000,0.562362,2.020138,0.278378,-0.011827
in_domain,GIN,AromaticAtomFraction,"(-0.001, 0.333]",0,236,0.000000,-2.305000,0.454567,1.703909,0.266779,-0.042007
in_domain,GIN,AromaticAtomFraction,"(0.333, 0.667]",1,130,0.521739,-3.456500,0.569201,1.493269,0.381178,0.116607
in_domain,GIN,AromaticAtomFraction,"(0.667, 1.0]",2,104,0.833333,-3.255000,0.597050,2.020138,0.295549,0.050583
out_of_scaffold,Dummy (mean),AromaticAtomFraction,"(-0.001, 0.2]",0,104,0.000000,-3.440000,1.613345,1.613345,1.000000,0.394659
out_of_scaffold,Dummy (mean),AromaticAtomFraction,"(0.2, 0.545]",1,108,0.400000,-3.662500,1.539734,1.539734,1.000000,1.111251
out_of_scaffold,Dummy (mean),AromaticAtomFraction,"(0.545, 0.75]",2,98,0.666667,-4.102000,2.236430,2.236430,1.000000,1.839091
out_of_scaffold,Dummy (mean),AromaticAtomFraction,"(0.75, 1.0]",3,103,0.909091,-4.290000,2.050976,2.050976,1.000000,1.405336
out_of_scaffold,Linear,AromaticAtomFraction,"(-0.001, 0.2]",0,104,0.000000,-3.440000,0.983326,1.613345,0.609495,0.263773
out_of_scaffold,Linear,AromaticAtomFraction,"(0.2, 0.545]",1,108,0.400000,-3.662500,0.759276,1.539734,0.493122,0.293776
out_of_scaffold,Linear,AromaticAtomFraction,"(0.545, 0.75]",2,98,0.666667,-4.102000,0.695205,2.236430,0.310855,0.043256
out_of_scaffold,Linear,AromaticAtomFraction,"(0.75, 1.0]",3,103,0.909091,-4.290000,0.992308,2.050976,0.483823,0.498009
out_of_scaffold,MLP,AromaticAtomFraction,"(-0.001, 0.2]",0,104,0.000000,-3.440000,0.689573,1.613345,0.427418,0.126380
out_of_scaffold,MLP,AromaticAtomFraction,"(0.2, 0.545]",1,108,0.400000,-3.662500,0.702028,1.539734,0.455941,0.351659
out_of_scaffold,MLP,AromaticAtomFraction,"(0.545, 0.75]",2,98,0.666667,-4.102000,0.704271,2.236430,0.314908,-0.217455
out_of_scaffold,MLP,AromaticAtomFraction,"(0.75, 1.0]",3,103,0.909091,-4.290000,0.604791,2.050976,0.294880,0.104186
out_of_scaffold,GCN,AromaticAtomFraction,"(-0.001, 0.2]",0,104,0.000000,-3.440000,0.882104,1.613345,0.546755,0.096175
out_of_scaffold,GCN,AromaticAtomFraction,"(0.2, 0.545]",1,108,0.400000,-3.662500,0.936728,1.539734,0.608370,0.356020
out_of_scaffold,GCN,AromaticAtomFraction,"(0.545, 0.75]",2,98,0.666667,-4.102000,1.065193,2.236430,0.476292,0.511165
out_of_scaffold,GCN,AromaticAtomFraction,"(0.75, 1.0]",3,103,0.909091,-4.290000,0.929305,2.050976,0.453104,-0.098295
out_of_scaffold,GIN,AromaticAtomFraction,"(-0.001, 0.2]",0,104,0.000000,-3.440000,0.805506,1.613345,0.499277,0.045699
out_of_scaffold,GIN,AromaticAtomFraction,"(0.2, 0.545]",1,108,0.400000,-3.662500,0.836610,1.539734,0.543347,0.181372
out_of_scaffold,GIN,AromaticAtomFraction,"(0.545, 0.75]",2,98,0.666667,-4.102000,0.979703,2.236430,0.438065,0.402481
out_of_scaffold,GIN,AromaticAtomFraction,"(0.75, 1.0]",3,103,0.909091,-4.290000,0.816381,2.050976,0.398045,-0.081087
in_domain,Dummy (mean),HeavyAtomCount,"(0.999, 8.0]",0,154,7.000000,-1.300000,1.843106,1.843106,1.000000,-1.513049
in_domain,Dummy (mean),HeavyAtomCount,"(8.0, 12.0]",1,99,11.000000,-2.380000,1.340506,1.340506,1.000000,-0.541709
in_domain,Dummy (mean),HeavyAtomCount,"(12.0, 18.0]",2,110,15.000000,-3.481500,1.557170,1.557170,1.000000,0.832602
in_domain,Dummy (mean),HeavyAtomCount,"(18.0, 55.0]",3,107,22.000000,-4.571000,2.042100,2.042100,1.000000,1.789882
in_domain,Linear,HeavyAtomCount,"(0.999, 8.0]",0,154,7.000000,-1.300000,0.778533,1.843106,0.422403,-0.136912
in_domain,Linear,HeavyAtomCount,"(8.0, 12.0]",1,99,11.000000,-2.380000,0.732491,1.340506,0.546429,0.099852
in_domain,Linear,HeavyAtomCount,"(12.0, 18.0]",2,110,15.000000,-3.481500,0.735967,1.557170,0.472631,0.341143
in_domain,Linear,HeavyAtomCount,"(18.0, 55.0]",3,107,22.000000,-4.571000,0.795501,2.042100,0.389551,-0.007214
in_domain,MLP,HeavyAtomCount,"(0.999, 8.0]",0,154,7.000000,-1.300000,0.477177,1.843106,0.258898,0.011254
in_domain,MLP,HeavyAtomCount,"(8.0, 12.0]",1,99,11.000000,-2.380000,0.553499,1.340506,0.412903,0.022591
in_domain,MLP,HeavyAtomCount,"(12.0, 18.0]",2,110,15.000000,-3.481500,0.659293,1.557170,0.423392,0.227476
in_domain,MLP,HeavyAtomCount,"(18.0, 55.0]",3,107,22.000000,-4.571000,0.761223,2.042100,0.372765,-0.006407
in_domain,GCN,HeavyAtomCount,"(0.999, 8.0]",0,154,7.000000,-1.300000,0.538395,1.843106,0.292113,-0.231201
in_domain,GCN,HeavyAtomCount,"(8.0, 12.0]",1,99,11.000000,-2.380000,0.468153,1.340506,0.349236,-0.097445
in_domain,GCN,HeavyAtomCount,"(12.0, 18.0]",2,110,15.000000,-3.481500,0.579633,1.557170,0.372235,0.113575
in_domain,GCN,HeavyAtomCount,"(18.0, 55.0]",3,107,22.000000,-4.571000,0.856961,2.042100,0.419647,0.465597
in_domain,GIN,HeavyAtomCount,"(0.999, 8.0]",0,154,7.000000,-1.300000,0.376096,1.843106,0.204056,-0.118449
in_domain,GIN,HeavyAtomCount,"(8.0, 12.0]",1,99,11.000000,-2.380000,0.431790,1.340506,0.322110,-0.057505
in_domain,GIN,HeavyAtomCount,"(12.0, 18.0]",2,110,15.000000,-3.481500,0.622016,1.557170,0.399453,-0.012803
in_domain,GIN,HeavyAtomCount,"(18.0, 55.0]",3,107,22.000000,-4.571000,0.694199,2.042100,0.339944,0.335033
out_of_scaffold,Dummy (mean),HeavyAtomCount,"(3.999, 13.0]",0,114,11.000000,-2.535000,1.348001,1.348001,1.000000,-0.196501
out_of_scaffold,Dummy (mean),HeavyAtomCount,"(13.0, 17.0]",1,108,16.000000,-3.532000,1.706608,1.706608,1.000000,1.167965
out_of_scaffold,Dummy (mean),HeavyAtomCount,"(17.0, 21.0]",2,90,19.000000,-4.594000,2.348570,2.348570,1.000000,2.121274
out_of_scaffold,Dummy (mean),HeavyAtomCount,"(21.0, 55.0]",3,101,25.000000,-4.530000,2.130126,2.130126,1.000000,1.894915
out_of_scaffold,Linear,HeavyAtomCount,"(3.999, 13.0]",0,114,11.000000,-2.535000,1.002678,1.348001,0.743826,0.444688
out_of_scaffold,Linear,HeavyAtomCount,"(13.0, 17.0]",1,108,16.000000,-3.532000,0.840659,1.706608,0.492590,0.441899
out_of_scaffold,Linear,HeavyAtomCount,"(17.0, 21.0]",2,90,19.000000,-4.594000,0.698014,2.348570,0.297208,0.315019
out_of_scaffold,Linear,HeavyAtomCount,"(21.0, 55.0]",3,101,25.000000,-4.530000,0.858296,2.130126,0.402932,-0.119575
out_of_scaffold,MLP,HeavyAtomCount,"(3.999, 13.0]",0,114,11.000000,-2.535000,0.648109,1.348001,0.480793,0.260018
out_of_scaffold,MLP,HeavyAtomCount,"(13.0, 17.0]",1,108,16.000000,-3.532000,0.668913,1.706608,0.391954,0.169650
out_of_scaffold,MLP,HeavyAtomCount,"(17.0, 21.0]",2,90,19.000000,-4.594000,0.641920,2.348570,0.273324,0.013758
out_of_scaffold,MLP,HeavyAtomCount,"(21.0, 55.0]",3,101,25.000000,-4.530000,0.742048,2.130126,0.348359,-0.085735
out_of_scaffold,GCN,HeavyAtomCount,"(3.999, 13.0]",0,114,11.000000,-2.535000,0.942089,1.348001,0.698879,-0.194522
out_of_scaffold,GCN,HeavyAtomCount,"(13.0, 17.0]",1,108,16.000000,-3.532000,0.880024,1.706608,0.515657,0.164614
out_of_scaffold,GCN,HeavyAtomCount,"(17.0, 21.0]",2,90,19.000000,-4.594000,0.998101,2.348570,0.424982,0.426263
out_of_scaffold,GCN,HeavyAtomCount,"(21.0, 55.0]",3,101,25.000000,-4.530000,0.997456,2.130126,0.468261,0.539167
out_of_scaffold,GIN,HeavyAtomCount,"(3.999, 13.0]",0,114,11.000000,-2.535000,0.846868,1.348001,0.628240,-0.119406
out_of_scaffold,GIN,HeavyAtomCount,"(13.0, 17.0]",1,108,16.000000,-3.532000,0.798242,1.706608,0.467736,0.013735
out_of_scaffold,GIN,HeavyAtomCount,"(17.0, 21.0]",2,90,19.000000,-4.594000,0.903787,2.348570,0.384824,0.308284
out_of_scaffold,GIN,HeavyAtomCount,"(21.0, 55.0]",3,101,25.000000,-4.530000,0.892384,2.130126,0.418935,0.394211
in_domain,Dummy (mean),NumRings,"(-0.001, 1.0]",0,300,1.000000,-2.200000,1.596963,1.596963,1.000000,-0.811637
in_domain,Dummy (mean),NumRings,"(1.0, 2.0]",1,78,2.000000,-3.440500,1.714320,1.714320,1.000000,0.696592
in_domain,Dummy (mean),NumRings,"(2.0, 8.0]",2,92,3.000000,-4.799500,2.103653,2.103653,1.000000,2.017627
in_domain,Linear,NumRings,"(-0.001, 1.0]",0,300,1.000000,-2.200000,0.750797,1.596963,0.470141,-0.048661
in_domain,Linear,NumRings,"(1.0, 2.0]",1,78,2.000000,-3.440500,0.695597,1.714320,0.405757,0.185552
in_domain,Linear,NumRings,"(2.0, 8.0]",2,92,3.000000,-4.799500,0.858588,2.103653,0.408142,0.279128
in_domain,MLP,NumRings,"(-0.001, 1.0]",0,300,1.000000,-2.200000,0.559625,1.596963,0.350431,0.001610
in_domain,MLP,NumRings,"(1.0, 2.0]",1,78,2.000000,-3.440500,0.605003,1.714320,0.352911,0.065776
in_domain,MLP,NumRings,"(2.0, 8.0]",2,92,3.000000,-4.799500,0.730187,2.103653,0.347104,0.246663
in_domain,GCN,NumRings,"(-0.001, 1.0]",0,300,1.000000,-2.200000,0.528581,1.596963,0.330991,-0.112103
in_domain,GCN,NumRings,"(1.0, 2.0]",1,78,2.000000,-3.440500,0.700415,1.714320,0.408567,0.218567
in_domain,GCN,NumRings,"(2.0, 8.0]",2,92,3.000000,-4.799500,0.777259,2.103653,0.369481,0.365682
in_domain,GIN,NumRings,"(-0.001, 1.0]",0,300,1.000000,-2.200000,0.435085,1.596963,0.272445,-0.105146
in_domain,GIN,NumRings,"(1.0, 2.0]",1,78,2.000000,-3.440500,0.636906,1.714320,0.371521,0.097899
in_domain,GIN,NumRings,"(2.0, 8.0]",2,92,3.000000,-4.799500,0.686555,2.103653,0.326363,0.374063
out_of_scaffold,Dummy (mean),NumRings,"(0.999, 2.0]",0,264,2.000000,-3.450000,1.779834,1.779834,1.000000,0.823810
out_of_scaffold,Dummy (mean),NumRings,"(2.0, 3.0]",1,85,3.000000,-3.928000,1.729556,1.729556,1.000000,1.424549
out_of_scaffold,Dummy (mean),NumRings,"(3.0, 8.0]",2,64,4.000000,-4.726500,2.306428,2.306428,1.000000,2.304181
out_of_scaffold,Linear,NumRings,"(0.999, 2.0]",0,264,2.000000,-3.450000,0.829346,1.779834,0.465968,0.353225
out_of_scaffold,Linear,NumRings,"(2.0, 3.0]",1,85,3.000000,-3.928000,0.795404,1.729556,0.459889,0.247035
out_of_scaffold,Linear,NumRings,"(3.0, 8.0]",2,64,4.000000,-4.726500,1.063264,2.306428,0.461000,0.006952
out_of_scaffold,MLP,NumRings,"(0.999, 2.0]",0,264,2.000000,-3.450000,0.656092,1.779834,0.368626,0.137054
out_of_scaffold,MLP,NumRings,"(2.0, 3.0]",1,85,3.000000,-3.928000,0.656831,1.729556,0.379769,0.081579
out_of_scaffold,MLP,NumRings,"(3.0, 8.0]",2,64,4.000000,-4.726500,0.778243,2.306428,0.337424,-0.040206
out_of_scaffold,GCN,NumRings,"(0.999, 2.0]",0,264,2.000000,-3.450000,0.976717,1.779834,0.548769,0.300647
out_of_scaffold,GCN,NumRings,"(2.0, 3.0]",1,85,3.000000,-3.928000,0.954302,1.729556,0.551762,-0.088239
out_of_scaffold,GCN,NumRings,"(3.0, 8.0]",2,64,4.000000,-4.726500,0.844434,2.306428,0.366122,0.258620
out_of_scaffold,GIN,NumRings,"(0.999, 2.0]",0,264,2.000000,-3.450000,0.869462,1.779834,0.488507,0.205768
out_of_scaffold,GIN,NumRings,"(2.0, 3.0]",1,85,3.000000,-3.928000,0.828503,1.729556,0.479026,-0.033129
out_of_scaffold,GIN,NumRings,"(3.0, 8.0]",2,64,4.000000,-4.726500,0.847875,2.306428,0.367614,0.061332
in_domain,Dummy (mean),NumAromaticRings,"(-0.001, 1.0]",0,356,0.000000,-2.369500,1.555804,1.555804,1.000000,-0.585760
in_domain,Dummy (mean),NumAromaticRings,"(1.0, 6.0]",1,114,2.000000,-4.649000,2.214700,2.214700,1.000000,1.798204
in_domain,Linear,NumAromaticRings,"(-0.001, 1.0]",0,356,0.000000,-2.369500,0.737962,1.555804,0.474328,-0.048337
in_domain,Linear,NumAromaticRings,"(1.0, 6.0]",1,114,2.000000,-4.649000,0.840099,2.214700,0.379329,0.375111
in_domain,MLP,NumAromaticRings,"(-0.001, 1.0]",0,356,0.000000,-2.369500,0.577515,1.555804,0.371200,0.008059
in_domain,MLP,NumAromaticRings,"(1.0, 6.0]",1,114,2.000000,-4.649000,0.672452,2.214700,0.303631,0.223136
in_domain,GCN,NumAromaticRings,"(-0.001, 1.0]",0,356,0.000000,-2.369500,0.565370,1.555804,0.363394,-0.054316
in_domain,GCN,NumAromaticRings,"(1.0, 6.0]",1,114,2.000000,-4.649000,0.731952,2.214700,0.330497,0.319269
in_domain,GIN,NumAromaticRings,"(-0.001, 1.0]",0,356,0.000000,-2.369500,0.469712,1.555804,0.301909,-0.061649
in_domain,GIN,NumAromaticRings,"(1.0, 6.0]",1,114,2.000000,-4.649000,0.667980,2.214700,0.301612,0.284675
out_of_scaffold,Dummy (mean),NumAromaticRings,"(-0.001, 1.0]",0,179,0.000000,-3.171000,1.374673,1.374673,1.000000,0.236368
out_of_scaffold,Dummy (mean),NumAromaticRings,"(1.0, 2.0]",1,185,2.000000,-4.290000,2.084436,2.084436,1.000000,1.704688
out_of_scaffold,Dummy (mean),NumAromaticRings,"(2.0, 7.0]",2,49,3.000000,-5.270000,2.710467,2.710467,1.000000,2.619652
out_of_scaffold,Linear,NumAromaticRings,"(-0.001, 1.0]",0,179,0.000000,-3.171000,0.943053,1.374673,0.686020,0.333017
out_of_scaffold,Linear,NumAromaticRings,"(1.0, 2.0]",1,185,2.000000,-4.290000,0.655915,2.084436,0.314673,0.154268
out_of_scaffold,Linear,NumAromaticRings,"(2.0, 7.0]",2,49,3.000000,-5.270000,1.315401,2.710467,0.485304,0.541727
out_of_scaffold,MLP,NumAromaticRings,"(-0.001, 1.0]",0,179,0.000000,-3.171000,0.731454,1.374673,0.532093,0.289821
out_of_scaffold,MLP,NumAromaticRings,"(1.0, 2.0]",1,185,2.000000,-4.290000,0.570088,2.084436,0.273498,-0.084224
out_of_scaffold,MLP,NumAromaticRings,"(2.0, 7.0]",2,49,3.000000,-5.270000,0.866328,2.710467,0.319623,0.086666
out_of_scaffold,GCN,NumAromaticRings,"(-0.001, 1.0]",0,179,0.000000,-3.171000,0.869421,1.374673,0.632457,0.124142
out_of_scaffold,GCN,NumAromaticRings,"(1.0, 2.0]",1,185,2.000000,-4.290000,1.045115,2.084436,0.501390,0.422138
out_of_scaffold,GCN,NumAromaticRings,"(2.0, 7.0]",2,49,3.000000,-5.270000,0.898777,2.710467,0.331595,-0.242747
out_of_scaffold,GIN,NumAromaticRings,"(-0.001, 1.0]",0,179,0.000000,-3.171000,0.811279,1.374673,0.590162,0.010643
out_of_scaffold,GIN,NumAromaticRings,"(1.0, 2.0]",1,185,2.000000,-4.290000,0.899133,2.084436,0.431356,0.319902
out_of_scaffold,GIN,NumAromaticRings,"(2.0, 7.0]",2,49,3.000000,-5.270000,0.870734,2.710467,0.321249,-0.115410
in_domain,Dummy (mean),NumAliphaticRings,"(-0.001, 1.0]",0,425,0.000000,-2.680000,1.741241,1.741241,1.000000,-0.106559
in_domain,Dummy (mean),NumAliphaticRings,"(1.0, 8.0]",1,45,4.000000,-4.099000,1.473653,1.473653,1.000000,0.927827
in_domain,Linear,NumAliphaticRings,"(-0.001, 1.0]",0,425,0.000000,-2.680000,0.770541,1.741241,0.442524,0.073124
in_domain,Linear,NumAliphaticRings,"(1.0, 8.0]",1,45,4.000000,-4.099000,0.689017,1.473653,0.467557,-0.122734
in_domain,MLP,NumAliphaticRings,"(-0.001, 1.0]",0,425,0.000000,-2.680000,0.590014,1.741241,0.338847,0.062988
in_domain,MLP,NumAliphaticRings,"(1.0, 8.0]",1,45,4.000000,-4.099000,0.699976,1.473653,0.474994,0.034149
in_domain,GCN,NumAliphaticRings,"(-0.001, 1.0]",0,425,0.000000,-2.680000,0.583238,1.741241,0.334955,0.011146
in_domain,GCN,NumAliphaticRings,"(1.0, 8.0]",1,45,4.000000,-4.099000,0.818630,1.473653,0.555511,0.273841
in_domain,GIN,NumAliphaticRings,"(-0.001, 1.0]",0,425,0.000000,-2.680000,0.498265,1.741241,0.286155,0.001100
in_domain,GIN,NumAliphaticRings,"(1.0, 8.0]",1,45,4.000000,-4.099000,0.702325,1.473653,0.476588,0.223074
out_of_scaffold,Dummy (mean),NumAliphaticRings,"(-0.001, 1.0]",0,338,0.000000,-3.865000,1.913032,1.913032,1.000000,1.205099
out_of_scaffold,Dummy (mean),NumAliphaticRings,"(1.0, 8.0]",1,75,4.000000,-4.081000,1.571935,1.571935,1.000000,1.049557
out_of_scaffold,Linear,NumAliphaticRings,"(-0.001, 1.0]",0,338,0.000000,-3.865000,0.846621,1.913032,0.442554,0.310078
out_of_scaffold,Linear,NumAliphaticRings,"(1.0, 8.0]",1,75,4.000000,-4.081000,0.912637,1.571935,0.580582,0.131835
out_of_scaffold,MLP,NumAliphaticRings,"(-0.001, 1.0]",0,338,0.000000,-3.865000,0.666011,1.913032,0.348144,0.109473
out_of_scaffold,MLP,NumAliphaticRings,"(1.0, 8.0]",1,75,4.000000,-4.081000,0.716464,1.571935,0.455785,0.047219
out_of_scaffold,GCN,NumAliphaticRings,"(-0.001, 1.0]",0,338,0.000000,-3.865000,0.964109,1.913032,0.503969,0.222255
out_of_scaffold,GCN,NumAliphaticRings,"(1.0, 8.0]",1,75,4.000000,-4.081000,0.895255,1.571935,0.569524,0.177335
out_of_scaffold,GIN,NumAliphaticRings,"(-0.001, 1.0]",0,338,0.000000,-3.865000,0.859165,1.913032,0.449112,0.150951
out_of_scaffold,GIN,NumAliphaticRings,"(1.0, 8.0]",1,75,4.000000,-4.081000,0.851025,1.571935,0.541387,0.058808
in_domain,Dummy (mean),NumHeteroatoms,"(-0.001, 1.0]",0,169,1.000000,-2.560000,1.882936,1.882936,1.000000,-0.108385
in_domain,Dummy (mean),NumHeteroatoms,"(1.0, 3.0]",1,106,2.000000,-2.250000,1.561503,1.561503,1.000000,-0.809874
in_domain,Dummy (mean),NumHeteroatoms,"(3.0, 5.0]",2,89,5.000000,-2.692000,1.567687,1.567687,1.000000,0.063281
in_domain,Dummy (mean),NumHeteroatoms,"(5.0, 14.0]",3,106,7.000000,-3.782500,1.727191,1.727191,1.000000,0.896192
in_domain,Linear,NumHeteroatoms,"(-0.001, 1.0]",0,169,1.000000,-2.560000,0.973379,1.882936,0.516948,0.322947
in_domain,Linear,NumHeteroatoms,"(1.0, 3.0]",1,106,2.000000,-2.250000,0.542415,1.561503,0.347367,-0.291382
in_domain,Linear,NumHeteroatoms,"(3.0, 5.0]",2,89,5.000000,-2.692000,0.711113,1.567687,0.453607,-0.112263
in_domain,Linear,NumHeteroatoms,"(5.0, 14.0]",3,106,7.000000,-3.782500,0.690562,1.727191,0.399818,0.111836
in_domain,MLP,NumHeteroatoms,"(-0.001, 1.0]",0,169,1.000000,-2.560000,0.516382,1.882936,0.274243,0.167384
in_domain,MLP,NumHeteroatoms,"(1.0, 3.0]",1,106,2.000000,-2.250000,0.528371,1.561503,0.338374,0.094326
in_domain,MLP,NumHeteroatoms,"(3.0, 5.0]",2,89,5.000000,-2.692000,0.646707,1.567687,0.412523,-0.134019
in_domain,MLP,NumHeteroatoms,"(5.0, 14.0]",3,106,7.000000,-3.782500,0.768132,1.727191,0.444729,0.018375
in_domain,GCN,NumHeteroatoms,"(-0.001, 1.0]",0,169,1.000000,-2.560000,0.569910,1.882936,0.302671,-0.217315
in_domain,GCN,NumHeteroatoms,"(1.0, 3.0]",1,106,2.000000,-2.250000,0.459323,1.561503,0.294154,0.025650
in_domain,GCN,NumHeteroatoms,"(3.0, 5.0]",2,89,5.000000,-2.692000,0.583732,1.567687,0.372352,0.024369
in_domain,GCN,NumHeteroatoms,"(5.0, 14.0]",3,106,7.000000,-3.782500,0.827917,1.727191,0.479343,0.461307
in_domain,GIN,NumHeteroatoms,"(-0.001, 1.0]",0,169,1.000000,-2.560000,0.411033,1.882936,0.218294,-0.040679
in_domain,GIN,NumHeteroatoms,"(1.0, 3.0]",1,106,2.000000,-2.250000,0.422870,1.561503,0.270810,-0.016597
in_domain,GIN,NumHeteroatoms,"(3.0, 5.0]",2,89,5.000000,-2.692000,0.590303,1.567687,0.376544,-0.033755
in_domain,GIN,NumHeteroatoms,"(5.0, 14.0]",3,106,7.000000,-3.782500,0.722088,1.727191,0.418071,0.208908
out_of_scaffold,Dummy (mean),NumHeteroatoms,"(-0.001, 2.0]",0,138,1.000000,-4.050000,1.893047,1.893047,1.000000,0.982036
out_of_scaffold,Dummy (mean),NumHeteroatoms,"(2.0, 4.0]",1,78,4.000000,-3.668000,1.723335,1.723335,1.000000,1.121427
out_of_scaffold,Dummy (mean),NumHeteroatoms,"(4.0, 6.0]",2,113,6.000000,-3.850000,1.772376,1.772376,1.000000,1.265489
out_of_scaffold,Dummy (mean),NumHeteroatoms,"(6.0, 16.0]",3,84,8.000000,-4.063500,2.006676,2.006676,1.000000,1.429139
out_of_scaffold,Linear,NumHeteroatoms,"(-0.001, 2.0]",0,138,1.000000,-4.050000,0.960803,1.893047,0.507543,0.352293
out_of_scaffold,Linear,NumHeteroatoms,"(2.0, 4.0]",1,78,4.000000,-3.668000,0.696570,1.723335,0.404199,-0.125874
out_of_scaffold,Linear,NumHeteroatoms,"(4.0, 6.0]",2,113,6.000000,-3.850000,0.777471,1.772376,0.438660,0.330874
out_of_scaffold,Linear,NumHeteroatoms,"(6.0, 16.0]",3,84,8.000000,-4.063500,0.950334,2.006676,0.473586,0.458418
out_of_scaffold,MLP,NumHeteroatoms,"(-0.001, 2.0]",0,138,1.000000,-4.050000,0.576346,1.893047,0.304454,0.131085
out_of_scaffold,MLP,NumHeteroatoms,"(2.0, 4.0]",1,78,4.000000,-3.668000,0.633396,1.723335,0.367541,0.014364
out_of_scaffold,MLP,NumHeteroatoms,"(4.0, 6.0]",2,113,6.000000,-3.850000,0.719059,1.772376,0.405703,0.183201
out_of_scaffold,MLP,NumHeteroatoms,"(6.0, 16.0]",3,84,8.000000,-4.063500,0.817289,2.006676,0.407285,0.007517
out_of_scaffold,GCN,NumHeteroatoms,"(-0.001, 2.0]",0,138,1.000000,-4.050000,0.900106,1.893047,0.475480,-0.187245
out_of_scaffold,GCN,NumHeteroatoms,"(2.0, 4.0]",1,78,4.000000,-3.668000,0.972330,1.723335,0.564214,0.138378
out_of_scaffold,GCN,NumHeteroatoms,"(4.0, 6.0]",2,113,6.000000,-3.850000,0.957271,1.772376,0.540106,0.537964
out_of_scaffold,GCN,NumHeteroatoms,"(6.0, 16.0]",3,84,8.000000,-4.063500,1.009343,2.006676,0.502992,0.508079
out_of_scaffold,GIN,NumHeteroatoms,"(-0.001, 2.0]",0,138,1.000000,-4.050000,0.815551,1.893047,0.430814,-0.161730
out_of_scaffold,GIN,NumHeteroatoms,"(2.0, 4.0]",1,78,4.000000,-3.668000,0.881709,1.723335,0.511630,-0.018817
out_of_scaffold,GIN,NumHeteroatoms,"(4.0, 6.0]",2,113,6.000000,-3.850000,0.807013,1.772376,0.455329,0.352399
out_of_scaffold,GIN,NumHeteroatoms,"(6.0, 16.0]",3,84,8.000000,-4.063500,0.972770,2.006676,0.484767,0.469016
in_domain,Dummy (mean),FractionCSP3,"(-0.001, 0.125]",0,120,0.000000,-3.350000,1.966768,1.966768,1.000000,0.660326
in_domain,Dummy (mean),FractionCSP3,"(0.125, 0.4]",1,117,0.250000,-3.270000,1.590553,1.590553,1.000000,0.330271
in_domain,Dummy (mean),FractionCSP3,"(0.4, 0.857]",2,119,0.700000,-2.540000,1.494081,1.494081,1.000000,-0.349651
in_domain,Dummy (mean),FractionCSP3,"(0.857, 1.0]",3,114,1.000000,-2.250000,1.810872,1.810872,1.000000,-0.700066
in_domain,Linear,FractionCSP3,"(-0.001, 0.125]",0,120,0.000000,-3.350000,0.819190,1.966768,0.416516,0.145207
in_domain,Linear,FractionCSP3,"(0.125, 0.4]",1,117,0.250000,-3.270000,0.679446,1.590553,0.427176,-0.082588
in_domain,Linear,FractionCSP3,"(0.4, 0.857]",2,119,0.700000,-2.540000,0.691201,1.494081,0.462626,-0.006144
in_domain,Linear,FractionCSP3,"(0.857, 1.0]",3,114,1.000000,-2.250000,0.863464,1.810872,0.476822,0.162489
in_domain,MLP,FractionCSP3,"(-0.001, 0.125]",0,120,0.000000,-3.350000,0.613284,1.966768,0.311823,0.059890
in_domain,MLP,FractionCSP3,"(0.125, 0.4]",1,117,0.250000,-3.270000,0.597457,1.590553,0.375629,0.082262
in_domain,MLP,FractionCSP3,"(0.4, 0.857]",2,119,0.700000,-2.540000,0.623020,1.494081,0.416992,0.135246
in_domain,MLP,FractionCSP3,"(0.857, 1.0]",3,114,1.000000,-2.250000,0.566832,1.810872,0.313016,-0.040344
in_domain,GCN,FractionCSP3,"(-0.001, 0.125]",0,120,0.000000,-3.350000,0.564850,1.966768,0.287197,-0.001715
in_domain,GCN,FractionCSP3,"(0.125, 0.4]",1,117,0.250000,-3.270000,0.692311,1.590553,0.435265,0.191631
in_domain,GCN,FractionCSP3,"(0.4, 0.857]",2,119,0.700000,-2.540000,0.560146,1.494081,0.374910,0.098165
in_domain,GCN,FractionCSP3,"(0.857, 1.0]",3,114,1.000000,-2.250000,0.607672,1.810872,0.335569,-0.147690
in_domain,GIN,FractionCSP3,"(-0.001, 0.125]",0,120,0.000000,-3.350000,0.571326,1.966768,0.290490,0.049085
in_domain,GIN,FractionCSP3,"(0.125, 0.4]",1,117,0.250000,-3.270000,0.581364,1.590553,0.365510,0.068901
in_domain,GIN,FractionCSP3,"(0.4, 0.857]",2,119,0.700000,-2.540000,0.526371,1.494081,0.352304,0.020424
in_domain,GIN,FractionCSP3,"(0.857, 1.0]",3,114,1.000000,-2.250000,0.387283,1.810872,0.213865,-0.051544
out_of_scaffold,Dummy (mean),FractionCSP3,"(-0.001, 0.231]",0,210,0.000000,-4.165000,2.162484,2.162484,1.000000,1.689043
out_of_scaffold,Dummy (mean),FractionCSP3,"(0.231, 0.636]",1,102,0.357143,-3.390000,1.537333,1.537333,1.000000,0.781026
out_of_scaffold,Dummy (mean),FractionCSP3,"(0.636, 1.0]",2,101,0.809524,-3.680000,1.520498,1.520498,1.000000,0.511649
out_of_scaffold,Linear,FractionCSP3,"(-0.001, 0.231]",0,210,0.000000,-4.165000,0.837374,2.162484,0.387228,0.309411
out_of_scaffold,Linear,FractionCSP3,"(0.231, 0.636]",1,102,0.357143,-3.390000,0.795850,1.537333,0.517682,0.235142
out_of_scaffold,Linear,FractionCSP3,"(0.636, 1.0]",2,101,0.809524,-3.680000,0.966143,1.520498,0.635412,0.254787
out_of_scaffold,MLP,FractionCSP3,"(-0.001, 0.231]",0,210,0.000000,-4.165000,0.643630,2.162484,0.297635,-0.024982
out_of_scaffold,MLP,FractionCSP3,"(0.231, 0.636]",1,102,0.357143,-3.390000,0.642586,1.537333,0.417987,0.238370
out_of_scaffold,MLP,FractionCSP3,"(0.636, 1.0]",2,101,0.809524,-3.680000,0.773669,1.520498,0.508826,0.212631
out_of_scaffold,GCN,FractionCSP3,"(-0.001, 0.231]",0,210,0.000000,-4.165000,0.998528,2.162484,0.461750,0.250643
out_of_scaffold,GCN,FractionCSP3,"(0.231, 0.636]",1,102,0.357143,-3.390000,0.868865,1.537333,0.565177,0.118749
out_of_scaffold,GCN,FractionCSP3,"(0.636, 1.0]",2,101,0.809524,-3.680000,0.937602,1.520498,0.616641,0.234404
out_of_scaffold,GIN,FractionCSP3,"(-0.001, 0.231]",0,210,0.000000,-4.165000,0.884816,2.162484,0.409166,0.196656
out_of_scaffold,GIN,FractionCSP3,"(0.231, 0.636]",1,102,0.357143,-3.390000,0.808275,1.537333,0.525764,0.063088
out_of_scaffold,GIN,FractionCSP3,"(0.636, 1.0]",2,101,0.809524,-3.680000,0.851181,1.520498,0.559804,0.076231
in_domain,Dummy (mean),NumHDonors,"(-0.001, 1.0]",0,393,0.000000,-2.960000,1.760284,1.760284,1.000000,0.109182
in_domain,Dummy (mean),NumHDonors,"(1.0, 8.0]",1,77,2.000000,-2.647000,1.487663,1.487663,1.000000,-0.603166
in_domain,Linear,NumHDonors,"(-0.001, 1.0]",0,393,0.000000,-2.960000,0.771280,1.760284,0.438156,0.035082
in_domain,Linear,NumHDonors,"(1.0, 8.0]",1,77,2.000000,-2.647000,0.719127,1.487663,0.483394,0.152823
in_domain,MLP,NumHDonors,"(-0.001, 1.0]",0,393,0.000000,-2.960000,0.586828,1.760284,0.333371,0.084882
in_domain,MLP,NumHDonors,"(1.0, 8.0]",1,77,2.000000,-2.647000,0.670538,1.487663,0.450733,-0.065611
in_domain,GCN,NumHDonors,"(-0.001, 1.0]",0,393,0.000000,-2.960000,0.607712,1.760284,0.345235,0.023730
in_domain,GCN,NumHDonors,"(1.0, 8.0]",1,77,2.000000,-2.647000,0.595891,1.487663,0.400555,0.100445
in_domain,GIN,NumHDonors,"(-0.001, 1.0]",0,393,0.000000,-2.960000,0.507385,1.760284,0.288240,0.024221
in_domain,GIN,NumHDonors,"(1.0, 8.0]",1,77,2.000000,-2.647000,0.570972,1.487663,0.383804,0.012823
out_of_scaffold,Dummy (mean),NumHDonors,"(-0.001, 1.0]",0,312,0.000000,-4.235000,2.083761,2.083761,1.000000,1.482587
out_of_scaffold,Dummy (mean),NumHDonors,"(1.0, 11.0]",1,101,2.000000,-3.180000,1.132339,1.132339,1.000000,0.232406
out_of_scaffold,Linear,NumHDonors,"(-0.001, 1.0]",0,312,0.000000,-4.235000,0.788534,2.083761,0.378418,0.171884
out_of_scaffold,Linear,NumHDonors,"(1.0, 11.0]",1,101,2.000000,-3.180000,1.075080,1.132339,0.949433,0.604617
out_of_scaffold,MLP,NumHDonors,"(-0.001, 1.0]",0,312,0.000000,-4.235000,0.625633,2.083761,0.300242,0.075341
out_of_scaffold,MLP,NumHDonors,"(1.0, 11.0]",1,101,2.000000,-3.180000,0.828208,1.132339,0.731414,0.168681
out_of_scaffold,GCN,NumHDonors,"(-0.001, 1.0]",0,312,0.000000,-4.235000,0.994225,2.083761,0.477130,0.158252
out_of_scaffold,GCN,NumHDonors,"(1.0, 11.0]",1,101,2.000000,-3.180000,0.819948,1.132339,0.724118,0.386611
out_of_scaffold,GIN,NumHDonors,"(-0.001, 1.0]",0,312,0.000000,-4.235000,0.870184,2.083761,0.417603,0.084378
out_of_scaffold,GIN,NumHDonors,"(1.0, 11.0]",1,101,2.000000,-3.180000,0.819081,1.132339,0.723353,0.288180
in_domain,Dummy (mean),NumHAcceptors,"(-0.001, 1.0]",0,237,0.000000,-2.740000,1.905188,1.905188,1.000000,0.093175
in_domain,Dummy (mean),NumHAcceptors,"(1.0, 3.0]",1,124,2.000000,-2.444000,1.430212,1.430212,1.000000,-0.612551
in_domain,Dummy (mean),NumHAcceptors,"(3.0, 14.0]",2,109,5.000000,-3.638000,1.628128,1.628128,1.000000,0.461822
in_domain,Linear,NumHAcceptors,"(-0.001, 1.0]",0,237,0.000000,-2.740000,0.855601,1.905188,0.449090,0.174064
in_domain,Linear,NumHAcceptors,"(1.0, 3.0]",1,124,2.000000,-2.444000,0.596067,1.430212,0.416768,-0.119440
in_domain,Linear,NumHAcceptors,"(3.0, 14.0]",2,109,5.000000,-3.638000,0.750421,1.628128,0.460910,-0.008146
in_domain,MLP,NumHAcceptors,"(-0.001, 1.0]",0,237,0.000000,-2.740000,0.533473,1.905188,0.280010,0.071391
in_domain,MLP,NumHAcceptors,"(1.0, 3.0]",1,124,2.000000,-2.444000,0.546397,1.430212,0.382039,0.144471
in_domain,MLP,NumHAcceptors,"(3.0, 14.0]",2,109,5.000000,-3.638000,0.807969,1.628128,0.496256,-0.059886
in_domain,GCN,NumHAcceptors,"(-0.001, 1.0]",0,237,0.000000,-2.740000,0.560735,1.905188,0.294320,-0.111302
in_domain,GCN,NumHAcceptors,"(1.0, 3.0]",1,124,2.000000,-2.444000,0.501905,1.430212,0.350931,0.027257
in_domain,GCN,NumHAcceptors,"(3.0, 14.0]",2,109,5.000000,-3.638000,0.821871,1.628128,0.504795,0.367511
in_domain,GIN,NumHAcceptors,"(-0.001, 1.0]",0,237,0.000000,-2.740000,0.437433,1.905188,0.229601,-0.024108
in_domain,GIN,NumHAcceptors,"(1.0, 3.0]",1,124,2.000000,-2.444000,0.481684,1.430212,0.336792,0.029976
in_domain,GIN,NumHAcceptors,"(3.0, 14.0]",2,109,5.000000,-3.638000,0.733641,1.628128,0.450604,0.114703
out_of_scaffold,Dummy (mean),NumHAcceptors,"(-0.001, 2.0]",0,215,0.000000,-4.370000,2.292413,2.292413,1.000000,1.569862
out_of_scaffold,Dummy (mean),NumHAcceptors,"(2.0, 4.0]",1,110,3.000000,-3.637000,1.375569,1.375569,1.000000,0.881275
out_of_scaffold,Dummy (mean),NumHAcceptors,"(4.0, 16.0]",2,88,6.000000,-3.580500,1.367256,1.367256,1.000000,0.586133
out_of_scaffold,Linear,NumHAcceptors,"(-0.001, 2.0]",0,215,0.000000,-4.370000,0.849852,2.292413,0.370724,0.273589
out_of_scaffold,Linear,NumHAcceptors,"(2.0, 4.0]",1,110,3.000000,-3.637000,0.779713,1.375569,0.566829,0.070596
out_of_scaffold,Linear,NumHAcceptors,"(4.0, 16.0]",2,88,6.000000,-3.580500,0.978625,1.367256,0.715758,0.546669
out_of_scaffold,MLP,NumHAcceptors,"(-0.001, 2.0]",0,215,0.000000,-4.370000,0.630596,2.292413,0.275080,0.022156
out_of_scaffold,MLP,NumHAcceptors,"(2.0, 4.0]",1,110,3.000000,-3.637000,0.662880,1.375569,0.481895,0.177852
out_of_scaffold,MLP,NumHAcceptors,"(4.0, 16.0]",2,88,6.000000,-3.580500,0.799451,1.367256,0.584712,0.184273
out_of_scaffold,GCN,NumHAcceptors,"(-0.001, 2.0]",0,215,0.000000,-4.370000,1.019033,2.292413,0.444524,0.106389
out_of_scaffold,GCN,NumHAcceptors,"(2.0, 4.0]",1,110,3.000000,-3.637000,0.874764,1.375569,0.635929,0.276497
out_of_scaffold,GCN,NumHAcceptors,"(4.0, 16.0]",2,88,6.000000,-3.580500,0.882916,1.367256,0.645758,0.399249
out_of_scaffold,GIN,NumHAcceptors,"(-0.001, 2.0]",0,215,0.000000,-4.370000,0.910891,2.292413,0.397350,0.066264
out_of_scaffold,GIN,NumHAcceptors,"(2.0, 4.0]",1,110,3.000000,-3.637000,0.758139,1.375569,0.551146,0.132206
out_of_scaffold,GIN,NumHAcceptors,"(4.0, 16.0]",2,88,6.000000,-3.580500,0.852133,1.367256,0.623243,0.302757
